{"cameraMode":{"drawMode":0,"name":"Shaded","section":"Shading Mode"},"sceneLighting":true,"audioPlay":false,"sceneViewState":{"m_AlwaysRefresh":false,"showFog":true,"showSkybox":true,"showFlares":true,"showImageEffects":true,"showParticleSystems":true,"showVisualEffectGraphs":true,"m_FxEnabled":true},"in2DMode":false,"pivot":{"x":16.267284393310548,"y":2.0714073181152345,"z":21.366281509399415},"rotation":{"x":-0.07398871332406998,"y":-0.9256248474121094,"z":0.27602627873420718,"w":-0.24811363220214845},"size":22.147993087768556,"orthographic":false}