{"cameraMode":{"drawMode":0,"name":"Shaded","section":"Shading Mode"},"sceneLighting":true,"audioPlay":false,"sceneViewState":{"m_AlwaysRefresh":false,"showFog":true,"showSkybox":true,"showFlares":true,"showImageEffects":true,"showParticleSystems":true,"showVisualEffectGraphs":true,"m_FxEnabled":true},"in2DMode":false,"pivot":{"x":4.588994979858398,"y":-3.0719947814941408,"z":20.84259033203125},"rotation":{"x":-0.3665201663970947,"y":-0.11484796553850174,"z":0.045647624880075458,"w":-0.9221707582473755},"size":24.984935760498048,"orthographic":false}